action_type,created_at,content_id
clicked,2025-06-18T11:33:18,90ce9258-c680-4a50-829e-ac688967200b
clicked,2025-06-24T09:18:34,24dea0f8-7622-4a33-a9ac-bf37c88b8dd1
clicked,2025-06-13T23:52:05,276d6ffd-5c18-473d-b22a-f575edeb402d
purchased,2025-06-06T21:50:27,952954a1-5cb3-4ba4-a089-735e04361ca2
clicked,2025-06-27T07:34:33,4158b19c-dd9f-4590-b884-4ac6f5b04c56
purchased,2025-06-06T11:19:54,ed94f19e-d86d-4e1c-8706-6dc90a4e1c7e
purchased,2025-06-10T11:17:25,917bdb65-2950-4514-a42c-226a3d92b77f
purchased,2025-06-21T09:40:10,9438f8a4-6e06-477a-8f03-aa46b6f64869
clicked,2025-06-07T12:54:51,11f25f7e-d3bc-451b-9090-473eb5ca2063
clicked,2025-06-26T01:06:17,435afc99-86ae-48ed-b567-f3f4b1d03418
clicked,2025-06-29T07:07:01,9e5b110d-9895-46fb-9f20-382076d303a2
purchased,2025-06-05T18:25:13,33a7a252-e769-4168-9313-c3ca9f34c870
purchased,2025-06-17T10:43:05,51d77408-617c-4458-8a40-4b6b457ab87d
purchased,2025-06-20T05:39:19,89f605cb-7de3-4b7b-a568-68e88fed5b31
purchased,2025-06-05T02:56:29,284162dc-d542-4294-ac4d-b5bf410e90da
clicked,2025-06-16T07:25:05,def41da5-c49a-419c-b2aa-52332a829454
clicked,2025-06-20T09:30:37,bca729c5-6a7e-488d-95c1-e05640a81dd9
clicked,2025-06-16T10:53:26,9acd301d-1351-4115-b3da-78539e0dbe10
clicked,2025-06-19T04:03:52,b0b1863f-c896-4ba0-a69a-744786a56a56
clicked,2025-06-15T20:00:15,e7ca40d9-bd0d-43c1-a5d5-02eea4d8a470
clicked,2025-06-04T07:25:45,0ebbd7b5-6a66-4ad9-b22c-0ea1fc34200d
clicked,2025-06-13T03:58:25,cdb0b34c-99cc-48ab-b276-a7946edff269
purchased,2025-06-21T09:24:10,4f4717aa-6e65-42df-990e-7decffe588dd
clicked,2025-06-15T05:03:15,5df4e28b-6e80-434a-bdc3-fd7526744924
clicked,2025-06-19T21:06:44,00cfd02b-5082-4137-acb2-7f00d88e2aa6
clicked,2025-06-19T10:31:19,4d42d3c1-f7e4-48af-a8f0-222ae7130ac3
purchased,2025-06-08T23:14:09,3fdddc89-e333-4526-bce1-382cf268f584
purchased,2025-06-18T13:15:06,0098c679-1d5a-47f0-9756-4835da9f970f
clicked,2025-06-17T00:41:30,e7bbccdb-ef9d-40da-84cb-14c0896f455b
purchased,2025-06-11T03:31:27,4aa39139-3db0-463b-a2fd-3a8a662f3f05
clicked,2025-06-19T00:17:33,d1ccdbf6-5e6c-4eb1-9752-d8b4aaf0ca2a
clicked,2025-06-22T21:01:05,7fa5bf66-13b2-42aa-9204-8f35073a992b
purchased,2025-06-07T00:00:53,45229e73-0b82-4146-b7d1-1bb72733a9bf
clicked,2025-06-11T11:14:23,9ee7ddf8-9ee4-4bb5-a903-22b367ff7a35
clicked,2025-06-30T08:21:22,c4fe521a-5267-4dcf-9bdc-ac10e5c575a5
purchased,2025-06-04T10:21:58,27175078-add2-414a-961a-79590a034845
purchased,2025-06-03T16:04:14,60876939-3f35-4c62-8666-799e9ea9fe77
clicked,2025-06-11T09:17:46,8efda169-1393-436a-b685-b756755b1027
clicked,2025-06-19T20:41:30,61043916-da2d-4cd5-aaab-3acbe43436ca
clicked,2025-06-24T14:28:29,f56cd1db-998c-4af6-a7d9-074296c2486d
purchased,2025-06-15T09:13:13,608e9cdf-4034-4046-b14b-58ac18c7862d
purchased,2025-06-09T19:23:08,4e9428d5-e099-4b7d-ac83-2f954ddd3571
purchased,2025-06-30T02:08:24,ad9ab441-84e8-4184-a9fd-2b82ba0e0b8b
clicked,2025-06-13T07:41:43,6fa82413-363f-47c8-9860-d5c5f800403e
purchased,2025-06-17T21:30:50,8108f3d1-43ef-4ec0-8124-ee5ab49bffb7
clicked,2025-06-14T08:29:22,650874a3-95de-4d8d-b985-6f373bfd5b8d
clicked,2025-06-03T04:24:46,babce421-76a4-4580-a3fa-ba188bec7c49
clicked,2025-06-03T18:46:39,7c500e46-d7ef-45c5-8006-da37d9d8ff64
clicked,2025-06-25T13:04:01,9b35ede6-5a30-4fdf-b3e2-01fff8196f02
purchased,2025-06-01T21:49:04,474f0d1f-dc7f-40e7-914a-c97d1e453f49
purchased,2025-06-01T07:38:57,3ed133ed-9a56-49da-89e7-b778887d9aa8
clicked,2025-06-26T20:44:59,96cb998a-abb7-4ac6-b520-eaf73494e6ad
clicked,2025-06-02T20:34:55,68416d88-df5d-4ca5-91cb-bfcaf9c71b87
purchased,2025-06-17T23:53:38,6d2f76e9-e0a3-4f86-b55d-34778f102826
purchased,2025-06-08T13:02:12,2c448244-61f4-42fe-8af7-bde19311b5f8
clicked,2025-06-22T05:51:03,3f67af73-c5dd-4b57-bd1a-c6aba503177f
purchased,2025-06-12T03:31:50,0e1f7b86-3d7e-42f5-bc3f-de5009abe965
purchased,2025-06-22T21:00:52,057cd7a0-6027-43dc-bdbf-1a4e84811e1d
clicked,2025-06-20T04:17:26,9438f9a9-92d5-4a1e-9e87-1f3b9d285e9b
purchased,2025-06-20T05:29:49,d8b258cb-69ab-4d20-ae01-78d717dee16e
clicked,2025-06-17T14:39:12,e16a58c0-4623-4821-81b4-93fb5c7daeda
purchased,2025-06-14T06:15:09,243b9fd6-50e6-4cc6-973a-a3d0af687b5f
clicked,2025-06-02T08:48:09,72e6a189-5285-4e18-93ed-85a806c46e8b
purchased,2025-06-14T05:19:12,feae060b-1798-4f77-9202-b26010754b89
clicked,2025-06-05T03:36:28,3a0a83df-da27-4be1-9a05-662860e411b0
clicked,2025-06-11T19:15:04,ad002d2d-4fcf-4d0f-afda-a44760233245
purchased,2025-06-13T17:08:25,99359e71-83a7-4136-886c-58fb629abba8
clicked,2025-06-26T10:33:13,c1243f8b-82b3-49ac-a608-ac7d6e46fc06
clicked,2025-06-13T12:36:12,6129415f-3dc6-4c0e-93c8-ca7aab7a1d21
purchased,2025-06-23T15:42:19,f483a445-08f6-47f9-998b-7c3f38e91d3a
purchased,2025-06-24T09:11:36,84cfe434-1e05-4586-bdf8-2c34bd945bb0
purchased,2025-06-03T00:35:57,25535a3d-7f19-4a4d-bf1e-ceec9989d2d9
purchased,2025-06-21T09:54:39,a3ad8e96-e2fc-4153-a98b-a79934fecb6f
purchased,2025-06-17T20:38:10,97a5d740-288d-4a24-b982-72df6ead8672
purchased,2025-06-20T17:40:48,5eb84960-6d0a-4013-98f1-dab7c3271b37
purchased,2025-06-17T12:48:33,48c23228-b0af-4de7-a0fa-cc8e24919b85
purchased,2025-06-10T14:49:42,f87b1230-307b-466e-9af4-7e5fd02989a5
purchased,2025-06-14T12:04:36,ba8ef9d1-bdaa-4f61-b31f-e894b74ae815
clicked,2025-06-14T19:31:05,a3ea3893-8a9e-474f-804b-f97585c7b842
purchased,2025-06-29T03:36:04,da3a9e3a-c2f2-41e5-878f-586f5a0acc5c
purchased,2025-06-20T03:32:37,f314e86c-c1f8-4d25-8ecf-ae552c2dc125
clicked,2025-06-27T20:20:15,b6a9c9e0-3b2a-4459-a268-427e5d4b9909
clicked,2025-06-27T10:28:49,571a0b3c-8f8a-49b8-b006-194fca5a9315
purchased,2025-06-08T05:07:32,0d5722f3-9777-4adf-8c94-1083524a3c61
purchased,2025-06-23T03:03:34,f49e8c5f-44df-4092-8a75-dbdb26e7f90e
clicked,2025-06-25T12:02:32,c31ee781-f986-4856-8f02-ab0e738f4592
purchased,2025-06-17T05:07:58,c5d3602c-bc78-48a1-b792-9ba45dc2b350
clicked,2025-06-21T04:10:00,7de17bf2-e7cf-45a9-86c4-323156b95d89
purchased,2025-06-09T10:14:29,d5f1d52c-1a8b-4804-91b8-9bc5b027c78b
clicked,2025-06-12T22:58:02,623450d7-4807-4a7e-8179-778e2a30dc29
clicked,2025-06-18T16:57:47,4ce62be1-9b84-4be2-8b9a-b4cec4d67062
clicked,2025-06-16T16:31:04,aef289ea-1152-465c-a369-61e92ca3ac9b
purchased,2025-06-17T03:09:35,6d742068-71eb-4b3e-b10b-7b078fa73a35
clicked,2025-06-29T20:05:36,35963035-7edb-4dfe-a553-eed6e4ab94d8
clicked,2025-06-16T07:59:03,00b4a218-b9b7-40c7-9e1c-0560768b26a9
clicked,2025-06-05T17:15:53,0a98dae8-a71a-4789-8bbb-46d39f15f71d
clicked,2025-06-26T14:34:12,354f8041-1cf7-4a7c-9c00-5e587fe5628e
purchased,2025-06-17T19:05:32,aef916a0-8026-438a-a306-1c20fdd603a1
clicked,2025-06-21T10:10:53,e6ae2f62-f64c-4deb-b993-ed819916c299
clicked,2025-06-09T12:42:38,954276bd-1414-4bff-a6bb-ac2ac84ba1c0
clicked,2025-06-20T06:10:14,f3c9ac6a-ebcc-4014-a8d7-261b389ec49e
clicked,2025-06-20T21:51:44,01b92efe-1b22-4610-aa4a-f804c03213ef
clicked,2025-06-20T08:30:50,05f64ef8-4ebc-484a-9194-df5730cffa99
clicked,2025-06-16T23:27:04,ad483163-1a11-4dad-a97d-444f531834ea
purchased,2025-06-28T06:33:51,39257de3-bdf8-4f3e-bbda-8fee4600797a
purchased,2025-06-24T00:49:21,c6a1d9f7-1e1f-45a0-a37e-61ae1d4fd504
clicked,2025-06-27T22:30:08,11660b67-97df-4491-8527-a5b3801324dc
purchased,2025-06-10T03:39:34,c9b3590c-c262-461c-ae7b-0d0c1e6b413f
purchased,2025-06-16T10:38:53,9adfafd4-28ae-4587-bc5e-a2b0d8bc9a07
purchased,2025-06-15T06:15:23,6ce94dce-ee5b-4929-af63-31803678e9ff
purchased,2025-06-30T02:47:22,e22abb0b-c3a7-4b01-9b30-32cac3166dd5
purchased,2025-06-02T05:45:33,55475729-1d01-4259-a82d-e50b08fe0dc0
clicked,2025-06-07T08:32:57,b67c5b52-f2bb-4383-96a5-c7a28117e550
clicked,2025-06-17T15:35:28,a8554c4c-5f28-4591-aa40-b22ced1b901e
purchased,2025-06-22T22:35:51,6da964dc-d1ce-4f8a-9027-def02ad8fe43
purchased,2025-06-15T19:19:25,e67d0729-bdef-4009-a0ec-0e4af20b0aaa
clicked,2025-06-26T06:50:59,6a1a73fc-c909-4b12-b388-a7e1f0b466fe
purchased,2025-06-20T00:41:22,26c09372-4747-4b91-8874-9f4459d3f8c0
purchased,2025-06-21T19:48:04,e0e88fda-7996-4b70-a25c-270a4e1e197d
purchased,2025-06-27T05:29:42,2937435c-33d2-4ff6-948e-4bb0456291ae
purchased,2025-06-20T10:08:46,1d679f57-9a86-4e10-8f90-5286ea153947
clicked,2025-06-07T13:18:53,e532dc7e-87f9-4085-b217-ffd0616ca27e
clicked,2025-06-28T04:02:19,515fb929-3c29-4805-b512-699f227e7963
clicked,2025-06-25T19:44:18,e139617e-3093-47eb-953e-ea1f0d184327
purchased,2025-06-07T23:25:33,4a284c35-54c3-4cbd-a4b6-659412dfe72d
clicked,2025-06-19T05:00:43,cb4f638f-cdce-41dc-9c73-7af55f1021d6
purchased,2025-06-29T12:45:11,08b0ec4d-baa3-4174-aa93-bffadb14cfab
clicked,2025-06-19T13:06:49,79609334-f9d8-42c1-85d3-a5435419d501
purchased,2025-06-13T11:05:45,9a3a3957-9d57-4026-8267-995b0ecd19b9
purchased,2025-06-28T02:08:08,c222b90c-f450-40bc-b70a-b664c6485648
clicked,2025-06-07T01:28:54,3b48a3f5-8e9a-4860-b7f5-9c3bc872429f
clicked,2025-06-03T12:40:29,aaa1d937-4f1d-49e6-a810-d482e201ac3c
purchased,2025-06-01T00:22:44,d3c87868-a61a-4215-8afa-753d270eb1f1
clicked,2025-06-07T09:43:14,bfd31a13-f7ec-446d-a374-563f614f43e4
purchased,2025-06-03T18:49:09,4c1d8b79-5c56-4c8f-982e-f513a33af5e8
purchased,2025-06-20T04:07:24,9258240e-4318-4280-bcd6-49908d1e03eb
clicked,2025-06-03T11:33:24,2dd681a7-2b54-45cf-8fd9-22de130b5553
purchased,2025-06-12T05:20:18,59c2f11b-8737-4501-a271-e6cbc0250c60
clicked,2025-06-06T18:14:58,e68d9556-5224-4b97-a4bd-fac1a492a0c8
purchased,2025-06-15T05:44:55,cfd2a135-9032-4694-b7c6-f8814ab2ad1d
purchased,2025-06-06T03:33:32,d00290b5-4975-4555-b000-ebe93e07c327
purchased,2025-06-11T08:31:31,b96e1b88-8ad3-4358-915c-e2696523f5a7
clicked,2025-06-25T21:05:16,ea42537b-dfc7-44a6-bb3f-0ea98fa5c75d
purchased,2025-06-05T21:00:16,a49d58ee-4a9b-4ddd-beb9-c406768d3d81
clicked,2025-06-25T18:04:34,ce40e853-7229-4b29-9ff8-26d7671c9b19
clicked,2025-06-15T04:26:10,138d7b8d-1c8e-47c2-8a54-79f09be7a364
purchased,2025-06-10T07:02:35,d4bb56b3-6615-4ab8-9612-8d9bed22ebd9
clicked,2025-06-30T22:31:18,717214cf-4544-4cb4-ac2f-a72c93e78d75
purchased,2025-06-23T19:22:51,bb8c21a6-92ff-4153-922c-677dd00ae962
purchased,2025-06-07T05:53:52,bb008fe1-0b1a-4fe1-a861-459bd06a375b
clicked,2025-06-01T00:18:59,5df60054-7ceb-441e-9a13-d106b5490f08
purchased,2025-06-25T20:37:54,fdb62df9-791e-4d3e-ab58-38555b94494c
clicked,2025-06-07T21:29:55,7889c251-1540-4890-979a-21cd3442bbf5
purchased,2025-06-11T03:58:26,b3f235e3-9771-43fa-b457-1e54c794724d
purchased,2025-06-11T20:14:21,0a0c0002-6e29-4624-980d-0201dc60fe0a
purchased,2025-06-05T21:40:45,45f54d32-e99a-4178-a5f0-e7c7e5b4e8ac
clicked,2025-06-04T14:49:00,90135368-23d6-4782-8faf-f86b3a6d8932
purchased,2025-06-30T13:46:19,ea56fe98-dd2a-4ca7-afae-829e90f1e19f
clicked,2025-06-03T13:40:13,34c1751f-73c5-497a-b38c-4c8a34b2817e
clicked,2025-06-14T20:49:23,1ff51b63-7922-4298-89a0-b5cc27153055
clicked,2025-06-28T17:08:15,c0ae2bc6-9331-47c6-bf71-e02fd0c41aeb
purchased,2025-06-09T21:49:18,9be06365-0585-4b43-977c-684a8d81ec63
purchased,2025-06-29T05:34:25,9c462a7b-0c6d-4eab-8227-c4f9dda90537
purchased,2025-06-04T22:17:00,b98b2953-5e1a-42a6-bb1b-440e2d922654
purchased,2025-06-26T15:34:49,350c919d-c3ec-4f1c-a762-86af92bf3617
purchased,2025-06-17T01:21:46,c1abeec7-6b7d-42eb-bae9-176aab600624
purchased,2025-06-23T04:46:50,131036ad-830e-4a99-b7a7-b6879d296ce3
purchased,2025-06-14T09:16:52,df20274e-421a-4e11-838d-c7328f804376
purchased,2025-06-16T15:48:44,4abf6608-11a7-41be-896b-36a56219349d
purchased,2025-06-22T00:40:12,515d4ea5-c7c9-42ee-94fa-bb048006c68c
purchased,2025-06-02T20:23:35,eeccbe71-24b0-4311-a74e-7b80e7140c10
clicked,2025-06-12T15:15:11,eeff80bc-5235-4999-b191-fa0862e55a32
clicked,2025-06-07T23:26:41,431c5418-6c50-4c62-9ba7-aadfc51ee97f
purchased,2025-06-23T16:35:46,37034448-8b0a-4844-8fac-241fc1f9e659
purchased,2025-06-29T19:42:26,257c8817-0253-4cf2-9919-6a552a496073
clicked,2025-06-17T08:02:46,867ced3a-b390-4653-861b-c45dcf01e6f7
clicked,2025-06-07T10:57:17,4fb01a66-11ff-4617-abe9-0ca4b9895380
clicked,2025-06-23T15:42:15,23f0a732-1da2-41be-946e-a43aabaec6f6
clicked,2025-06-21T04:25:24,ce9050d7-6a87-439b-9871-53bbab4ceee8
purchased,2025-06-04T20:55:33,097d2f9d-5ff5-4e7f-82b8-3621b6018dd3
clicked,2025-06-01T07:03:29,abf972c7-f7fd-4046-a10c-51e40a1023ae
clicked,2025-06-30T05:33:15,23abeeb9-27e3-4461-8996-bc649434b692
purchased,2025-06-04T08:35:31,5d3b171d-4043-4abe-b8aa-8eb4558e0d99
purchased,2025-06-28T03:43:46,780e61f0-8244-4a6c-8c25-34cd74656aa1
clicked,2025-06-26T06:00:39,38ba8c8c-c23e-43f3-bcad-34cddaeb0105
clicked,2025-06-25T12:21:14,c45430e3-447c-45e7-aeb1-b8e49ad57cce
clicked,2025-06-27T05:25:24,f8f006f8-33ca-44ec-8636-7e4cbd22a2bd
purchased,2025-06-09T15:17:50,4464fa3c-6740-4b6c-9cd2-8e671feb1308
clicked,2025-06-28T17:12:36,9c7d3b04-6aea-4ef4-8896-63c82476ba9c
clicked,2025-06-19T17:47:57,ac549941-e21c-4dff-bb69-914d475db948
purchased,2025-06-17T12:54:33,44e398a8-d02f-4c28-8af7-23ff95a748a3
clicked,2025-06-24T13:33:37,b7fba654-c41d-4f3d-b672-2a5edc1afc4b
purchased,2025-06-12T03:44:52,891ddc32-db19-4bb6-aae9-a1234662e85a
purchased,2025-06-17T12:05:09,f5fe5959-1f6e-4eef-bda6-0a4c51fdbf32
clicked,2025-06-02T03:16:04,16a4a226-83fe-48b2-b66c-80ee97def52f
purchased,2025-06-25T01:54:46,a45dde0a-9a4d-4064-8af2-9ee3194e1c79
clicked,2025-06-20T10:44:31,4704e068-8961-47b0-8c33-e72148c3af7c
purchased,2025-06-25T03:44:15,39c2e951-eb58-4be9-a408-f3ef9746efc9
clicked,2025-06-13T09:58:31,59bf87ae-ae8d-4c13-a170-06e06059bebc
purchased,2025-06-26T14:32:46,172a9831-6139-455b-8a25-d6379b59ede7
clicked,2025-06-18T03:37:00,d5237232-1f06-4891-8383-c4a35420e930
clicked,2025-06-25T14:06:37,003730d9-ea39-434f-9e84-f49b8c865c55
clicked,2025-06-27T06:54:11,60628e6f-1d30-42c9-84b7-b655f22f1618
purchased,2025-06-15T04:43:22,1643f3ff-b29b-4e3e-a4b6-0c23354930d6
purchased,2025-06-09T05:59:12,4101ca7a-6dc1-4d35-9677-2084369a6557
purchased,2025-06-25T17:48:32,ed832d02-558a-4fc4-9a16-614b130b1ecc
purchased,2025-06-09T07:56:08,e9afcc96-0d01-43e3-b5e3-65ff68766336
clicked,2025-06-03T01:14:10,903dc600-75fb-46ef-a06d-63d485254519
clicked,2025-06-16T10:32:32,fbc71c74-1a54-4fb0-b16a-85d06e07be7a
purchased,2025-06-23T05:51:08,97beb745-8455-46f7-9307-b9f992958815
clicked,2025-06-05T09:22:25,dd80ccd1-f473-48f3-a94e-7df348562cb2
clicked,2025-06-11T17:56:47,344aa757-f7b6-4e9e-8da9-e504fdffd960
purchased,2025-06-07T21:42:16,0f0ea8e3-7bcc-4c70-b53d-fba07253971c
clicked,2025-06-07T07:01:32,472982aa-d30e-428f-a6d8-80c567e930e6
clicked,2025-06-26T11:59:18,18d7ce01-2d3f-4ea2-a51e-d4fc7db49dad
purchased,2025-06-24T18:56:02,0b507ff8-d4b8-4500-bc2b-acec1f58807a
purchased,2025-06-24T23:18:34,e3e72350-4bd3-4d31-b26e-abc0fce7c9a5
purchased,2025-06-20T10:23:48,c1322210-61e6-4755-8d64-18f33abdafcf
clicked,2025-06-16T10:00:07,ce9f15b3-c33b-4c74-956b-f3fb822ac056
purchased,2025-06-25T03:03:51,3da093c6-e50a-4b26-a5b4-c64c5b8c6a66
clicked,2025-06-15T04:35:40,b01442e1-ba1b-4866-8943-05212aa10887
purchased,2025-06-17T09:47:54,7a7092ea-6ae6-444b-8e85-7450deb22d7d
clicked,2025-06-02T12:50:35,642534f2-ade9-441a-9d06-5b88edc5dd92
purchased,2025-06-18T12:46:51,fb5e271b-ad2f-4209-a338-e75618f6559f
clicked,2025-06-08T20:10:45,24b9008b-4e16-4213-be82-b154e207eb32
purchased,2025-06-01T03:50:41,999bc713-26b9-42a2-af1c-32c54fefae27
purchased,2025-06-30T18:59:10,84e2f22b-541c-4f8c-89f4-e07d7778da24
purchased,2025-06-24T04:58:55,4a249426-c712-4512-82cb-93018fc64819
purchased,2025-06-05T18:47:33,8c595861-8241-4d9e-ab2c-17207653a6b8
clicked,2025-06-13T00:32:06,a8df0f62-a95c-4edf-a3a3-789bd0c7e305
clicked,2025-06-02T11:05:16,0e1078a5-e7ee-4366-b057-cde772bba48f
clicked,2025-06-24T12:34:24,17ad08f2-72be-416b-a76c-04dcd663764a
clicked,2025-06-18T09:43:43,d5be5764-fdbe-4e84-8e60-2ffa8d0dc8f2
clicked,2025-06-15T13:42:29,e9e34682-8fec-4400-92fe-8238ef424eec
purchased,2025-06-07T15:37:54,f48a3c44-b60a-4be9-a10d-3cd02d15927c
purchased,2025-06-15T12:38:47,0b74bfbe-d01e-4f17-b4a8-e299bd76331d
clicked,2025-06-18T23:51:33,706cb9dc-c752-4463-a5a1-d8d1a6778bc8
clicked,2025-06-04T04:28:27,e17efeed-7e8f-47b0-8049-99f2daf10af4
clicked,2025-06-09T16:28:14,e97bb492-5bee-40e2-91d1-a300018b8c1b
clicked,2025-06-27T08:20:20,77d6e73e-5333-4399-93ff-d0e5b8df9725
purchased,2025-06-01T06:11:46,320a0808-74af-488d-9370-917fe9163022
clicked,2025-06-07T18:12:01,4d3c9475-a7fc-4a97-a639-3fd4b634ee50
purchased,2025-06-20T05:09:00,1d5ac26f-b555-4e8b-8a71-9c861ccef214
clicked,2025-06-01T11:10:31,23470dca-dc28-47ee-a2b6-6e3edd76ccea
clicked,2025-06-04T16:44:31,3572abba-2506-4964-9bdd-b3ca9517cfbc
clicked,2025-06-12T02:23:50,3cc347c3-1c8c-4052-8eb0-3d28bcd4fe17
clicked,2025-06-29T12:32:18,321b5c54-c49c-49f1-922e-7b5772be5f3e
clicked,2025-06-16T03:45:28,0bcdca7e-ba25-4386-878f-63064b2ce898
purchased,2025-06-01T23:43:07,49cec595-186e-4fb1-a3e4-2463ac3913a0
purchased,2025-06-05T10:35:45,033964e3-47ec-481d-ad1a-faf600c6bfc4
purchased,2025-06-02T10:16:16,943bf110-9fc3-4412-b4a2-95087f7dbdb7
purchased,2025-06-05T21:51:20,8eff8c82-2205-4237-aeb9-f3ff2339213d
purchased,2025-06-06T22:20:23,f8867934-a8c9-40f1-8f4b-ceb8a3b81cbf
clicked,2025-06-18T09:03:23,1fd5162a-5172-4531-a13f-e9716b19a4bc
purchased,2025-06-03T21:48:21,a854a60a-4bc1-4ffd-b9ac-b6c6f70ea726
clicked,2025-06-13T04:07:36,013e96bb-fb29-4f78-b0d8-ae8bd4071ffb
purchased,2025-06-22T07:57:11,43d931ef-d6d8-45a4-b007-2d45d3c837f4
purchased,2025-06-13T13:56:13,b648d404-1a9b-4888-b11e-6394cb383257
purchased,2025-06-22T00:38:14,f1a7e862-96a1-4efe-b0ea-be903d469aa5
clicked,2025-06-23T05:42:54,c0a1b442-fb41-472b-9f64-c26933051e64
purchased,2025-06-18T06:33:04,07379d9f-5e81-4c5d-b5e0-8197d23cf94c
clicked,2025-06-09T03:21:59,645ac7d8-e684-4d1f-b8e4-2239935da94e
clicked,2025-06-07T12:41:20,ba2b02e6-c330-4b39-88cc-70fe11ff8ab4
purchased,2025-06-01T04:07:34,0bf9def3-f9f6-4f2a-bf77-1b722b1fedc2
purchased,2025-06-22T14:35:52,34695c17-fdd0-44b8-a717-6fad7d2a2003
clicked,2025-06-14T06:09:22,3127892f-cc6d-4484-aa53-050ae88e62da
clicked,2025-06-28T02:56:57,3d72635d-ba01-4bde-b81d-e897be17468e
purchased,2025-06-26T21:24:50,f807cdb1-6ead-449d-8702-e42998da70d3
clicked,2025-06-15T04:34:23,9fdfe045-797f-4388-b94b-fd6ca97d975c
purchased,2025-06-14T23:59:01,fb297aa6-8b44-4b91-83ce-203428a799a8
purchased,2025-06-30T20:39:50,83141cc3-a8b0-47d8-be38-ebd1ad797463
clicked,2025-06-27T17:59:20,57060af1-1756-494d-9273-9509218f0c1b
clicked,2025-06-12T01:43:48,33942a53-2670-471c-a969-c874982b3135
clicked,2025-06-09T12:11:46,f112db53-43d6-49d8-b1c3-0340a33c1d93
purchased,2025-06-27T17:50:46,b5bd70df-8eb7-485a-a294-4506e3639276
clicked,2025-06-01T06:35:58,ec83e7ce-1cbc-412b-877b-fc2324461389
purchased,2025-06-29T17:25:21,2b3368b5-8b92-4bf7-8b2d-043a24394ddd
clicked,2025-06-24T21:44:18,db319365-fbe6-4708-a921-527f4b3baebe
clicked,2025-06-05T13:24:18,37f1b7c9-21ca-4d47-b3b4-2ac6954dd910
purchased,2025-06-08T00:58:43,c9a51342-8c20-4333-9fe4-1b0ac107deb2
clicked,2025-06-30T10:55:21,0491c41a-18a6-4aea-8560-66fd306f4503
purchased,2025-06-30T02:07:17,a1552d5d-9229-4dfe-bb16-b7cf5be0bf83
purchased,2025-06-26T12:40:51,ff816166-6fbe-46a8-917a-b03453bff5cd
purchased,2025-06-29T10:38:27,7638005e-6336-485f-a9d2-169e9d725576
purchased,2025-06-05T06:53:02,4cfd73d0-c5ef-41c4-b30c-bdad037f3876
clicked,2025-06-02T15:02:56,45242780-ee22-4252-b2fd-35dd696bb620
clicked,2025-06-04T16:19:49,2c4d3217-3093-4599-898d-7d74f00f5371
purchased,2025-06-17T06:42:51,b3b92867-12c7-48c9-8d24-912cf464a381
purchased,2025-06-19T13:10:54,b78d8e14-55d9-4e01-aa02-96e2825f9bd0
clicked,2025-06-03T18:59:51,87d1b918-cd57-42d9-8417-b463ee3e86a9
purchased,2025-06-09T06:48:27,03693239-1d61-4776-90b7-cc62c531c4da
purchased,2025-06-17T13:50:43,a60f3ed3-4c9a-4a3f-9e3e-698cdc114f87
clicked,2025-06-12T05:42:04,de52eb3a-a650-400a-a138-a450389c08e0
clicked,2025-06-21T16:58:38,f1d7e892-5a2b-44ba-9924-2c4301afec60
purchased,2025-06-15T07:40:52,c222113c-7e29-44a4-ba46-35ce7e216a87
purchased,2025-06-08T11:28:27,f7a7092d-94c2-47aa-adeb-c39fd9ef570c
clicked,2025-06-12T21:32:01,5a017f3f-8bd0-4f68-81e6-51ab731a5e03
purchased,2025-06-26T18:14:48,9b3ba113-519f-4ba8-a2ed-e3e7cfebaa1e
purchased,2025-06-03T08:59:11,647eb204-283e-4e9a-a029-44ba99e0c187
clicked,2025-06-21T22:22:01,0a26ad7e-59a9-4920-8aef-ef2ff6cd279a
purchased,2025-06-11T06:39:52,96457999-6c7d-43af-bea7-08f2c0e5841b
clicked,2025-06-24T16:33:33,b5bacef1-7f98-4beb-b1ea-7eb5fb3e126e
purchased,2025-06-13T22:32:01,d8ce3a88-7681-4a36-9a25-dd8a40fd99bc
clicked,2025-06-21T12:27:00,e0397844-6090-497b-978d-0c33826f6652
purchased,2025-06-28T05:12:10,c1cd6548-914c-4ab3-bb47-f00494f76805
purchased,2025-06-14T21:40:59,ba091c84-c5d0-4ce5-87e9-4e8f99b4bb45
purchased,2025-06-12T11:15:18,8ab0b003-2cf5-4679-8377-ea32bda33df6
purchased,2025-06-23T21:35:17,67f31e01-c796-45f3-a6fd-1c48a10dc668
purchased,2025-06-07T03:36:49,f3ca60b7-31d3-4840-9898-98663568d9b3
purchased,2025-06-10T00:42:03,ca520a2d-1dbe-499d-b3b1-205803e936d1
clicked,2025-06-19T13:14:52,ef71b8f9-fd83-42c5-af6d-3948a0b431d4
purchased,2025-06-05T21:13:48,7bfcd644-1fa5-412b-91ae-5b5d90e57b0e
purchased,2025-06-15T06:34:56,b1c822b9-4e60-431b-9f91-4bf2eeeb24c5
clicked,2025-06-27T20:57:54,965b9972-7c84-4ec2-b54b-0802ba323c17
clicked,2025-06-17T02:35:20,bd29f187-ad15-4215-a607-e9519fe1c24c
clicked,2025-06-16T03:42:19,0642d00c-ee53-403b-a023-9bdca5a0a5e6
clicked,2025-06-18T02:39:56,3f4c38db-85aa-484d-9aa0-88b04a46ddf6
purchased,2025-06-27T20:05:00,e4d66073-c81c-465d-a4d5-d5c4653ae51a
clicked,2025-06-04T15:10:17,ba2ffa4f-4b73-4311-8860-70a5689a2637
purchased,2025-06-05T23:48:20,e0365721-fbde-4478-8475-d27161b76979
clicked,2025-06-03T13:39:14,4465e6f8-76d8-442c-af9f-093db6e39a09
clicked,2025-06-26T20:03:01,27c91556-302a-4144-baed-cd7e83d86547
purchased,2025-06-26T05:26:05,47d82f57-f362-4c5a-baec-6a7515570a74
purchased,2025-06-01T22:12:02,40d12a94-f93e-45e4-b571-852f06b91ba5
clicked,2025-06-26T17:04:44,efeb3509-e0d7-45cf-a760-3c67d21b5767
clicked,2025-06-27T22:45:49,616bb40f-c55f-448e-8433-70bbe7162327
clicked,2025-06-20T00:30:19,a71b0887-6fe2-4c4b-b35a-9755182c58ae
purchased,2025-06-11T14:56:54,6655c0f3-6ff5-41f0-896f-6371baf1e48b
purchased,2025-06-01T17:38:19,1f4d6de1-d8c1-405e-8777-85af6120241b
purchased,2025-06-28T14:34:17,6d20d286-3f0b-4ca7-8452-056b681c63a1
clicked,2025-06-06T19:33:42,7f400597-2f5e-4ec6-95c5-95f1a15377d7
purchased,2025-06-14T04:59:44,2a70724f-295e-4567-84c3-dd623768e9e5
clicked,2025-06-03T12:57:50,4d95dc20-ea8b-47ea-8861-ed321d040004
clicked,2025-06-29T18:23:39,9e5b1685-ed81-45b3-a086-9a91a88057f4
purchased,2025-06-16T05:49:57,a07da74e-0825-48a0-bf5d-21f2a072e5eb
clicked,2025-06-26T18:48:35,5b7a9e73-c341-43b9-9019-74ccbd525290
purchased,2025-06-08T02:32:37,99d112af-4554-48bb-8b07-8d6ca29ee76d
purchased,2025-06-19T09:32:35,e501cd02-11de-4d51-ad53-98a49c637027
clicked,2025-06-19T03:02:58,841f9d5c-a2ef-4940-bf50-ff93da5cc1da
clicked,2025-06-29T01:21:08,ed4cd93d-a142-49ef-9b3a-6d7b852f330f
clicked,2025-06-30T09:21:21,1b08488d-9005-4ef8-b20b-6fa500b4e63b
purchased,2025-06-01T16:19:18,fa37a4f4-76be-43c8-ad15-cf3fd854281e
purchased,2025-06-12T04:55:02,f6ca39e6-9cf8-451c-b498-8abeeaffe226
purchased,2025-06-04T09:28:30,7b1e95fe-1707-49dd-aaf7-3497bd56d94f
clicked,2025-06-16T23:49:55,5ef915db-8de5-439a-961d-620496614bb9
purchased,2025-06-27T12:40:40,71cc2f17-0a81-400a-ad69-f75ce8912185
purchased,2025-06-16T01:58:49,20e021ae-32e3-4765-b3cd-0058021984e7
clicked,2025-06-11T07:53:40,d316f630-79b9-4616-887e-2fb242ead047
clicked,2025-06-04T18:50:54,a9d02f41-748e-4163-a63b-2c22c5ca6070
purchased,2025-06-24T22:23:52,0d2bc4c4-3e0a-4c79-9974-6dbc377e755e
purchased,2025-06-30T17:41:39,084fc305-bda2-48a4-9033-a87d46c63d33
clicked,2025-06-21T23:05:05,5f6d4b50-fd6a-4de9-8f37-e57e94964c46
purchased,2025-06-05T03:07:31,135ba41f-ec60-4ea3-bbbd-0417c097b2ba
purchased,2025-06-09T09:26:13,4dd81977-9d81-471e-adb1-352f811e19f3
clicked,2025-06-03T06:57:33,0419528c-fd6b-444b-8509-58d5ad95f05c
purchased,2025-06-10T20:15:38,e0feaba6-89dc-4e30-a254-8861e403113b
clicked,2025-06-03T21:03:20,391037a9-b78e-450b-a011-0aec34d23a73
purchased,2025-06-08T19:47:45,a0a36865-8015-47a8-a88d-c01b61701a1b
purchased,2025-06-16T05:52:05,ee7f38c1-4a9c-4af2-90b4-8f74456bfbf1
clicked,2025-06-29T01:12:53,8a40163c-bba4-4006-9b64-110161dd471f
purchased,2025-06-06T13:06:12,2ec74a04-ad66-4fce-aa78-444f017d6678
clicked,2025-06-17T04:17:39,6a336d88-265a-4ee1-8a83-c8e6748e6b68
clicked,2025-06-27T21:31:09,a9e13ad5-274d-4f90-8327-9c92791dfc93
purchased,2025-06-30T19:21:40,5aeeda0a-c3eb-449f-9848-9ff460e2f2aa
purchased,2025-06-03T11:22:41,02a35e42-b054-4d76-9a6f-1f67fd86880c
purchased,2025-06-17T07:13:05,b54fe8f8-1653-42a1-846a-d391d097c02a
purchased,2025-06-07T22:46:19,a91bbffe-917b-4670-a99b-9d401db5247a
clicked,2025-06-15T21:29:58,5db98364-adc8-4205-b12e-6c7183b423dd
clicked,2025-06-30T20:42:05,4533f545-2cad-44d2-9495-2824d855abae
clicked,2025-06-09T15:26:36,abc16bd8-98d5-441a-b018-bd3db44e35af
purchased,2025-06-25T05:38:19,98cb0998-9bcb-4a2a-970e-5cf23e1aa4a1
clicked,2025-06-25T11:55:37,350d1bc6-1ded-4d73-88b6-0aeefd47339a
clicked,2025-06-20T18:27:46,feb8ea7f-d19f-4347-bb01-77a84095725c
clicked,2025-06-28T18:13:11,207d0a95-f9b4-4584-ab97-9234a5f4c2ce
purchased,2025-06-21T20:08:10,2b2bd634-b2d6-460c-bb57-31e939a347fb
clicked,2025-06-11T09:28:30,9b3cb96e-8e74-4067-8247-4c0b7e2b759e
purchased,2025-06-25T07:36:23,0dd655cf-943e-4f32-92ee-42da3e67879e
clicked,2025-06-24T11:32:50,e70abe2c-53d5-4be6-8e1a-43caeb1d0f42
clicked,2025-06-25T19:02:14,06a160b9-c566-473a-b59d-6a06b1ac56dc
clicked,2025-06-21T21:29:17,29774e0e-4ca5-486e-8e66-55790a9ed167
clicked,2025-06-04T13:39:11,1ef685a2-a613-4a29-bb81-5f22365bd77b
purchased,2025-06-30T05:31:12,45eec080-73de-4b8f-bf0f-4735cdf3ce2b
purchased,2025-06-06T15:12:29,aea3099f-4dce-4a03-87a4-dd7848b91962
clicked,2025-06-11T01:27:20,947a32ff-1a6d-43da-b45c-6fadd1423aee
clicked,2025-06-03T22:06:08,92fea7a7-f055-42ac-b80c-c7278eb5cce8
clicked,2025-06-02T12:01:43,0fc980f9-3712-413b-b1ff-47d240249965
clicked,2025-06-25T22:11:50,9390856e-774d-483f-aa5f-d49a3578e9eb
purchased,2025-06-22T01:36:09,3f9a5cfd-c2de-4f0c-a8dd-45f5ca3029d1
clicked,2025-06-29T04:48:06,653741a1-4147-4134-a630-75c6bd53bb8f
purchased,2025-06-02T21:25:59,dd70a4a5-51f9-45fe-9a17-4c22d164aa83
purchased,2025-06-28T02:21:47,a2531bd9-e405-4b6f-95d8-fc7e8a8e1022
purchased,2025-06-20T20:39:27,16c8dfdd-ebcf-4c01-940e-8897874d499e
clicked,2025-06-15T03:18:11,b5ffc191-0a8b-4622-8eda-f28638422c69
clicked,2025-06-17T11:37:47,a2de7fdd-5b6a-4bb0-83d6-6fb557382645
clicked,2025-06-10T02:36:04,1869705a-1363-4433-8a92-cda489366f1e
clicked,2025-06-05T00:53:58,7f7135d5-61aa-4074-81ad-66bf5be8f060
clicked,2025-06-11T07:48:10,aea307b8-9421-4c89-ab30-6331c28bb22e
clicked,2025-06-01T02:05:36,9c0dcfa0-52db-43ba-a1bc-9823289604ae
clicked,2025-06-11T09:13:41,bf8f5c8c-1218-4109-a89f-4619f7d686c7
clicked,2025-06-03T11:11:28,15864f13-8398-4862-9a0e-dc9509bf56cf
purchased,2025-06-30T20:46:21,ebedacb2-aa91-4e18-b819-75569e96017d
purchased,2025-06-16T23:01:01,fa5e29e8-2751-47c4-a3ea-5d2054dd6f73
purchased,2025-06-21T12:26:18,2304d264-af62-488d-9f46-25b9bad37d48
purchased,2025-06-04T04:59:22,f1ca1de3-cb91-4e82-8929-6c8394cb485c
purchased,2025-06-26T08:27:01,4f796b9d-3b09-4d3a-bd71-3a5fa00bea5a
purchased,2025-06-18T16:12:06,1019132d-4cc6-4bed-afc8-63f506ecf085
clicked,2025-06-17T18:20:29,b838a3dc-2ac8-4301-8aba-7308d6b6caef
clicked,2025-06-24T18:19:00,19fd09cc-7341-48fe-ac6c-217e81b1a352
clicked,2025-06-08T20:52:56,32bb1123-f074-40ca-9403-068e23fb4523
clicked,2025-06-10T04:13:18,7ff1c427-f8ea-43eb-ba58-4982a853c236
purchased,2025-06-16T08:19:47,ac04e6ea-a63a-4e03-934f-8ef7b213d896
clicked,2025-06-10T22:53:49,4223ae37-ac74-4a69-ab1d-c50c61edbeb8
purchased,2025-06-20T05:24:50,f2b348ac-e3b5-485a-8a23-329a61c3b99d
purchased,2025-06-19T08:07:19,b708ebb1-f148-4b92-af0e-385279238340
purchased,2025-06-19T03:14:43,541490ad-46e3-42e4-8371-553fbe028a22
purchased,2025-06-08T08:43:51,a85a6766-0460-4521-9f17-10abbe92df2f
purchased,2025-06-05T07:02:57,2990ab22-c6e0-40b7-a8bf-f34ff87281c1
purchased,2025-06-25T00:06:25,dc995a7c-9009-4b79-b8e3-453c03408e74
clicked,2025-06-19T13:48:33,1e1caf50-377f-4380-8fca-324bba8662c2
purchased,2025-06-26T00:02:46,a7b9146f-832b-4c5a-bbef-28b929549a64
purchased,2025-06-14T01:51:01,667bb61c-d678-4c5d-8f8e-34220a165ac3
clicked,2025-06-30T10:04:26,3786a327-34f8-48ed-a7d3-97f42e652ecf
purchased,2025-06-29T19:32:55,b09df167-8a4e-4d08-9fe3-2aa09b5bf582
purchased,2025-06-14T20:35:55,b7e1db18-28a6-451f-90f0-b31113eafb20
purchased,2025-06-05T15:49:06,674e24c1-73f2-4b33-ba40-4d50496ae718
purchased,2025-06-11T06:22:20,8408cb55-e026-482e-838f-42291baa2d55
clicked,2025-06-01T15:36:23,2213338a-0d9d-411b-b2b1-b42e28a9a40a
purchased,2025-06-23T18:22:23,1325e16e-46c8-427e-b871-138ad2772de0
clicked,2025-06-16T10:41:35,a5248bf6-49ed-44ae-ba5a-c35e316de359
purchased,2025-06-09T12:24:32,1078c62d-a96a-4627-b851-c47870cbf771
clicked,2025-06-24T13:19:34,cb165edd-61c4-4311-bfda-58d19949f3f4
purchased,2025-06-25T08:19:19,793adeb2-28ce-4577-bf05-2fd90b5136a9
clicked,2025-06-13T20:28:35,9a1349a1-fbad-40b2-aecc-606b927c8475
purchased,2025-06-15T08:30:22,5a96114d-5c74-47ab-8f94-c056c57e1b87
purchased,2025-06-10T17:32:22,2aa92666-d7ec-4690-a672-c6969830669f
clicked,2025-06-01T07:09:40,a1ab176b-72a4-46e8-9de2-2fb2e4860ad7
purchased,2025-06-05T02:50:51,e06bba7c-64e5-4817-84b1-713c7b72669c
clicked,2025-06-01T03:59:06,1cad3ece-9b59-4afa-a741-5039582ba2cf
clicked,2025-06-13T16:42:13,aa011877-9dbc-4bc4-9347-108ccfd19b11
purchased,2025-06-07T23:29:56,8c364400-0066-4c76-957b-27734223009b
clicked,2025-06-19T08:31:55,781b6a59-6e45-46f3-88bb-86000c2c1fae
purchased,2025-06-15T19:36:21,f4e7f3be-71f1-4de2-94ea-7370b5a5c27e
clicked,2025-06-29T02:12:59,587bdede-113d-465e-b652-0d9fcd4336e8
purchased,2025-06-14T00:38:37,c21da40d-6d4f-4a93-a27f-abe2c2f55700
clicked,2025-06-16T08:10:19,861b7809-6e93-4dce-ac45-415417dee806
clicked,2025-06-15T10:07:21,9985b904-1f53-4aee-9b3d-e60e3bfca8e5
clicked,2025-06-01T12:38:39,95021999-01a4-4194-89b3-62f179fc2091
purchased,2025-06-05T19:35:32,a025f80f-0a48-41a6-8fd6-4c1a34699cd8
clicked,2025-06-24T12:06:34,3c29e9ce-7463-4c80-a91a-d2f22ab663a7
purchased,2025-06-26T14:57:06,5e3e97d3-f6bd-4dcc-b792-44d7000b258a
purchased,2025-06-27T12:24:34,a94a6386-7c3a-48a5-ab77-d780bafc8451
clicked,2025-06-24T04:08:57,b3e61924-59a6-474a-a938-8e729d511597
clicked,2025-06-26T12:24:14,5788de71-06cf-4362-90e8-7a3aac6cce1f
clicked,2025-06-05T15:10:25,401bb01a-9758-4443-b93b-130d073b4135
clicked,2025-06-30T02:52:36,bb7e3950-33ef-470e-ab4f-59ec5fb26c9b
clicked,2025-06-29T21:31:35,d7b1bed0-93b6-48b4-9a6c-afcc8596c94a
clicked,2025-06-04T23:16:08,76d2904b-bf52-40c4-a487-cd34c7ea82da
clicked,2025-06-07T23:17:31,d01eebba-387b-4afd-a2fc-dc277dfc2224
purchased,2025-06-14T07:31:33,b3da1b33-7c6f-4dfa-ac95-cd2430d781b5
purchased,2025-06-12T21:05:41,8408d182-c0f3-411a-9ea1-3ce346ac064c
clicked,2025-06-18T08:25:23,1c24ad4f-bf20-404a-9be8-753f478cf7d7
clicked,2025-06-05T05:14:28,77a6c247-06db-4ae8-9ad3-49050e2a5b87
clicked,2025-06-11T20:17:17,ed121a46-5ae4-4dd1-8379-6bd58e80397a
purchased,2025-06-10T01:02:37,518d46a5-77a9-4047-b347-ba2dd1d9ca81
clicked,2025-06-03T22:28:49,ec4c6a6e-c58e-44d3-947c-384c189cfb0a
purchased,2025-06-09T07:14:10,d39467ba-130e-4c09-b2b1-74acddcabe94
purchased,2025-06-28T13:14:32,b72f4c0d-24dd-4b24-a2d0-df2c12ae6084
purchased,2025-06-10T10:43:37,096124fa-483d-4155-b74b-535a92fa20e2
purchased,2025-06-24T03:08:08,25b313cb-76d4-4689-9358-2a396c3cb8cd
clicked,2025-06-16T23:58:59,a85e1b81-3486-4da5-b21c-a6ccd967178a
purchased,2025-06-02T23:34:51,8bc99c43-4325-4e42-8a5a-06f857d402c5
purchased,2025-06-04T12:00:29,48fecf8a-2730-4d09-9303-488a51d9f4fb
clicked,2025-06-01T12:23:17,07d3773e-4290-47f4-832f-8b77582eefd5
clicked,2025-06-03T10:17:55,cc63b4a1-df2e-4074-9843-a12dbf2002a9
clicked,2025-06-11T08:47:57,366b120a-c89a-47a5-9489-553881b1b371
clicked,2025-06-27T17:51:34,fb2ebb73-99ce-4f13-89dc-d9f9d28d3a04
clicked,2025-06-30T00:38:32,2fbdc6de-17f0-40b9-b3ac-176053b4f293
purchased,2025-06-11T02:58:18,ce7c2ab4-6600-4f4d-b6c0-16e8893a95f0
purchased,2025-06-12T18:03:15,09475c50-f4c5-4684-8d55-c82204d7a94e
clicked,2025-06-06T08:01:05,647126d2-f208-4bae-a815-7b931c71b565
clicked,2025-06-12T07:05:38,82981612-5b6a-466f-ac02-05174d3e410e
clicked,2025-06-25T20:00:29,8f802f70-6e2f-4bc7-9fc4-7228d9b46402
clicked,2025-06-24T00:13:57,41b1152f-8e47-4a10-bd79-0490bbf80e01
purchased,2025-06-05T14:47:37,61a2097e-61c4-4acd-9cf5-ebd3689a00b7
clicked,2025-06-10T23:18:33,2347acf0-eb51-4f1e-84c5-7d59ecce2ec8
purchased,2025-06-10T22:17:52,68231ccf-8843-4b24-8a11-e0e401a676be
clicked,2025-06-11T10:53:32,105009be-5567-4237-8768-579c81bf8c3a
clicked,2025-06-08T00:46:53,bff87d03-7d38-4497-88cf-14e66687f574
purchased,2025-06-08T07:29:23,74d0ed5e-ccb5-4ea7-9115-5e3da2123b0e
clicked,2025-06-16T22:04:25,9f037708-c784-479a-9bea-a99a4f9b9125
clicked,2025-06-11T08:39:21,ac2d697a-a0e3-4163-9bee-68098ce4f470
purchased,2025-06-11T21:46:25,4b26ac71-0efc-45e1-a481-dedfdcb25502
purchased,2025-06-08T20:44:07,d875e60e-9dfd-4cb6-9cec-e8f748d29105
clicked,2025-06-30T06:08:35,1293daf3-e6f8-489b-9aa7-8b28fa0e82eb
clicked,2025-06-20T13:25:51,8ec26a94-be76-4b74-a78a-c075e857297e
clicked,2025-06-16T12:25:57,c4d503b4-90cd-4609-b1ed-0b6061ec0b98
clicked,2025-06-03T01:23:55,77df2958-8ece-4774-895c-1a150ec20f4a
clicked,2025-06-01T15:46:26,da5dd6b8-1aa2-452c-8f1a-018e632ddda2
purchased,2025-06-28T13:12:14,61a5b460-563c-4683-92b4-7d7590fa3e13
clicked,2025-06-25T23:55:15,8ad199cb-1c02-49f9-bbd2-857270bae0a6
clicked,2025-06-15T15:23:52,c73e3f8a-0945-4ae8-aba8-dd7db6f57447
clicked,2025-06-29T06:59:49,4940469c-6611-449f-9267-d9022633023b
purchased,2025-06-14T16:21:27,fa4362c9-97a2-48c9-b299-c36b1c1a47c4
clicked,2025-06-03T04:56:31,9627c087-7963-4a66-a524-704479bc009f
clicked,2025-06-15T08:46:17,dce6db08-e78b-4f3c-8ca5-104a3dbfb10f
clicked,2025-06-25T16:25:38,44c32d65-b2f8-4fc4-8c15-1cf122482b49
clicked,2025-06-23T04:08:20,58e9e2d1-7943-4679-b18b-721aec189c61
clicked,2025-06-09T11:50:25,588095a3-930e-4a09-849b-f8eea7a105a3
purchased,2025-06-06T04:09:38,1cd11c6a-8ef5-4f9a-8220-f4f858474e0e
clicked,2025-06-23T11:39:04,68afa0d9-6d37-4bbe-9f67-c18b08494c8e
purchased,2025-06-02T21:06:51,35fa6b56-8b7b-4fbe-a530-967391f184b3
purchased,2025-06-04T13:40:55,570765c6-ab19-4ee9-ba42-d849813da1bd
clicked,2025-06-08T16:54:39,31fe97cb-f17b-452a-80c7-206affc270ed
purchased,2025-06-01T03:35:49,fc15b1a8-f3d4-4f72-9c9b-bd799a6ef993
purchased,2025-06-02T16:14:11,00b2b38a-189e-4965-b257-fa7a20d4690d
purchased,2025-06-02T16:13:26,2421877b-9504-40e9-9e3b-b4d2405a0d79
clicked,2025-06-22T14:52:28,7b7a33b4-7d1a-467a-a3f4-b4ad3361ba3c
purchased,2025-06-30T14:06:55,01f7ca52-e12f-4088-a01a-51a343b7aab7
purchased,2025-06-18T22:33:24,5321e63a-7650-48bb-963e-6f32e1041611
clicked,2025-06-14T21:52:48,f0cf4d3c-e2f6-412c-8e19-53c1fd3f0b79
clicked,2025-06-14T11:54:17,91692832-4708-4760-a4b9-1046734303df
clicked,2025-06-28T16:41:30,cbdd146a-cc8d-4de6-bc5d-34325927021d
clicked,2025-06-30T20:55:31,9aa1b788-7a72-4eb8-8eeb-6abdcfaad4ce
purchased,2025-06-17T18:00:28,9d6048ea-14f3-4b9b-b134-55851f70f221
clicked,2025-06-05T05:35:34,bc5384ac-e8d3-4435-9846-62c7810b37dd
purchased,2025-06-26T16:45:02,c604ef5a-8e57-4d6b-ab81-dcedf5c2ee1d
clicked,2025-06-25T11:22:43,3b598d0b-fd11-44e2-a358-3cfc7aae9fc9
clicked,2025-06-08T00:11:19,385017bb-4ad2-4c1d-bc5e-2f8d5c0b214f
clicked,2025-06-13T06:20:30,3dcb93f7-9ff0-488d-b8ec-355559220ede
clicked,2025-06-22T05:30:27,6f71d6fb-7ac9-4c09-8aaa-dc6de8aa0f5f
clicked,2025-06-15T07:54:40,1bb73cdb-d59f-4d2d-b823-85434f4f3f89
clicked,2025-06-14T23:29:18,9a4eb53d-a2bf-4c12-bf1a-355b7f7bbaa4
clicked,2025-06-13T13:24:31,dd93567b-1515-43a1-8659-61a2dcf5b5b6
purchased,2025-06-09T11:25:51,be78c669-5daf-4096-8423-aab49fd8dee1
clicked,2025-06-11T06:29:10,4ad06d1b-d7f8-44d1-9257-7491b20e8477
clicked,2025-06-18T07:23:28,c897470a-2707-4f6a-9786-8530260afa80
purchased,2025-06-28T10:21:47,3452be06-b61c-4321-80a3-7dd70b26444a
clicked,2025-06-06T04:43:00,3f87c21a-0979-4eb9-a1f6-afa70603fc4d
clicked,2025-06-14T04:42:52,3959c5d6-7d09-4422-8b8f-6d640a7456ca
clicked,2025-06-13T15:44:10,0a4a7759-1015-4ed6-a837-c39e851f83c3
purchased,2025-06-30T04:35:03,92f44b2a-002a-419c-8d17-a16923f3fcc3
purchased,2025-06-28T11:39:19,8169be92-8a97-418a-8100-4a377436fd34
purchased,2025-06-17T22:18:37,74589878-6244-4c15-b581-6c19b8c0e964
clicked,2025-06-07T13:12:22,2b72f25d-648f-4f2c-8e53-b0723bd6b2d4
purchased,2025-06-07T04:04:50,84f0304c-3c6a-4090-8112-852b22b4bdcd
clicked,2025-06-25T14:05:16,ebbb6b84-0647-4518-8807-1de15333ed11
clicked,2025-06-20T20:12:37,b39c2cd5-fd43-47d6-a300-80f797ebec28
clicked,2025-06-05T07:43:40,656287e0-9e36-4ce6-8098-8c90e43f7b9d
clicked,2025-06-10T05:25:14,ba11ba58-ea1d-40ba-a8a2-6bf40c2c8606
clicked,2025-06-23T22:55:34,503bf0c0-24c5-45cf-a7f2-8aa19c976ed2
clicked,2025-06-08T18:47:03,1f511804-c4cd-4f7e-9bc3-e5d5153ee0d6
purchased,2025-06-29T00:42:52,9e3b0a2c-705e-42e5-b37f-abf9610af239
purchased,2025-06-15T20:32:57,faa88c6c-848a-4ea2-94ac-0287ace579b1
clicked,2025-06-12T15:11:38,39da109c-8c71-49a8-844a-3851d119a197
purchased,2025-06-07T09:46:10,4cf83b64-e46f-4361-824b-0ca27ceb958c
purchased,2025-06-03T15:08:05,66507bcf-1966-4185-9e3c-51ef8a007a35
clicked,2025-06-02T02:55:31,4fab5c61-a1b6-4326-bbb1-8432da185962
clicked,2025-06-30T14:18:12,2d1c1346-2f49-4267-ac16-8198ccd0c083
purchased,2025-06-29T13:31:10,ed6d7781-b854-4418-917b-e5329604e669
purchased,2025-06-12T05:49:30,d3b2decd-5ecb-4a63-bad3-735f5526d41f
purchased,2025-06-25T02:32:26,ab3ea5e4-1d0c-4c45-95c3-7e87571a9ba1
purchased,2025-06-17T22:32:23,171424c6-eda8-4cfd-891d-93fb5ad494f6
clicked,2025-06-13T21:01:27,60d8f7e7-11a8-42d5-9fee-998e52957a40
clicked,2025-06-19T22:40:45,e77e6625-184c-430f-8ce4-b040fe9d5669
purchased,2025-06-07T04:07:02,6dc54564-68f1-4bac-a7c7-692367c1d66b
purchased,2025-06-05T16:50:14,268805d8-b639-40c9-9c23-4c7cf1752a6e
clicked,2025-06-05T10:48:25,25232b82-f476-4258-a923-9861182e5156
purchased,2025-06-30T22:06:44,18f0bb7e-74c8-43cc-a27f-81e7bcba80c5
clicked,2025-06-09T22:59:13,113cff92-24ac-4574-80af-44f22f7f9ad1
purchased,2025-06-16T13:04:20,9a0fb9f3-4804-4ced-acdc-da4ae661f721
clicked,2025-06-19T06:32:22,14a4accc-3fac-4a97-a576-94fefc5f7f7c
purchased,2025-06-22T20:44:11,8ddf731f-9cb3-4b5b-acf0-06ddcd6f5642
purchased,2025-06-02T11:33:04,6e85c062-480a-4426-a433-cce97752f88a
purchased,2025-06-04T16:21:23,256a02f3-c9b2-46a9-be9e-d0b90dff0a4f
purchased,2025-06-15T13:42:55,15b35c6a-db47-4bf5-a452-cf102777a8fe
purchased,2025-06-30T05:54:36,43984f76-1c54-4d5f-8cc6-d0b1089f160a
clicked,2025-06-26T09:02:30,5ae25af1-c574-4b43-bcb0-d17c0e64612b
clicked,2025-06-29T03:11:21,7cfe4b3e-d585-429f-96e1-3344b5e88850
clicked,2025-06-10T09:55:39,5a4e70ff-ecc9-442a-922a-14394baaba81
purchased,2025-06-03T18:55:27,d356fbe7-35a1-4ea4-b433-a224f0a4e5d2
purchased,2025-06-10T01:06:24,75a34efd-75e3-47de-ab52-a5d5d17c672e
clicked,2025-06-03T05:44:40,eb53dd74-07f5-4ad6-9866-42b8ec40249b
clicked,2025-06-09T03:26:40,55f9c7be-f6a9-4b32-a386-e6fbad606370
clicked,2025-06-24T09:44:44,b600cd6b-0d0f-422e-b290-f9de7e2fc0b3
clicked,2025-06-06T08:53:59,aec39efc-8cb9-4aa2-a549-32f9fdac98b7
purchased,2025-06-28T06:47:00,b79cc368-58dd-4450-8eeb-74fa688689bf
clicked,2025-06-05T09:02:58,9b69258b-f7a3-4ef7-bc85-3d8e3bd2a9fa
clicked,2025-06-27T15:09:26,b8b15e6a-129a-4b03-853f-d0722626de9d
clicked,2025-06-19T04:52:29,655a9df5-4c40-494d-aa8f-ab4cf982f5b5
clicked,2025-06-10T18:29:38,4b8d6b45-37a7-48f1-b8c9-2366e57b9ef1
clicked,2025-06-21T19:22:27,d2ec0a47-f19d-42f5-9e85-c0516bfccac5
clicked,2025-06-28T03:20:07,dce049c7-be0f-4be6-a975-f91485da6ed5
clicked,2025-06-14T08:38:19,f8a480ad-be2f-4f4f-beeb-2050aafbd6e4
purchased,2025-06-20T11:59:48,45469087-dca4-460c-a18e-ace52c537e7f
purchased,2025-06-25T21:00:59,a03aa07a-5cc3-4a42-bd25-13364a8f7cf0
purchased,2025-06-17T07:31:46,1082c95c-4a19-42c9-b67e-d2a968523f58
purchased,2025-06-21T16:25:57,2baa0e53-13e0-412c-b691-30957a655a92
clicked,2025-06-09T16:33:54,614de03f-05d9-4a00-981f-de8e5ce6bb0e
purchased,2025-06-12T00:29:13,911e9e9d-cae3-4082-b611-4bdd3a1ee94d
purchased,2025-06-19T00:45:33,e6bd8953-4c41-4c9c-a539-5cd15748681b
purchased,2025-06-24T23:51:45,bc7e052d-7f88-4d92-9d77-87e127921276
purchased,2025-06-15T18:45:55,d4d43c3d-1575-4767-8675-e3a9b08f1eb3
purchased,2025-06-17T19:51:27,0ca627cb-0b5e-42ac-ba82-84b947479261
purchased,2025-06-11T13:22:57,c21bba56-3698-420a-9214-48a4a079da09
clicked,2025-06-07T13:34:39,f7355f5c-515b-4198-b7b1-dee7c286134b
clicked,2025-06-19T20:11:08,4a2f5ae1-571f-45dd-b6c2-2782bc58a62f
purchased,2025-06-24T23:23:01,86855d88-fb91-4366-a2cd-e07ec69af4e2
clicked,2025-06-03T03:29:30,ea7a7c3c-2af4-4f76-957d-c77c1ad4baec
clicked,2025-06-03T10:18:00,79d04168-563a-4b94-b9e7-bffa26ac35aa
clicked,2025-06-26T15:00:54,3cb13d67-f255-4e4d-8ce9-705fe466951e
purchased,2025-06-20T11:43:22,2394d4b5-7e47-473f-8707-5d847921675b
clicked,2025-06-10T09:52:39,cf6ed7d6-a504-443d-8abb-0e2b1ec4395f
purchased,2025-06-18T17:49:10,84150ef3-c979-46ee-8d14-e54b4e3f97dd
clicked,2025-06-13T04:18:39,4f354fdf-b18e-44b4-9b3a-4eb1f263037d
clicked,2025-06-12T00:24:46,53f7b798-4bd2-456b-9055-182df1914499
purchased,2025-06-01T06:57:43,9249edc6-9216-415d-878f-b45836980e2b
clicked,2025-06-07T13:54:12,9122c429-d215-429b-920b-1a7d784fc7c9
purchased,2025-06-27T01:13:11,d3c80c54-f981-4c9c-849d-2b545fd55f4e
purchased,2025-06-18T12:03:06,20d94339-804d-4d0e-a98d-865e89290e23
clicked,2025-06-18T21:24:21,4f5085a3-e183-4f0a-b0b4-905189f55612
clicked,2025-06-09T04:10:47,f31cf2d4-8de8-4191-90f1-9e908449e9b1
clicked,2025-06-27T12:15:46,7f06215a-2cbf-4c7f-a344-bc6cec3eea03
purchased,2025-06-07T16:34:29,f711049b-83d9-4f66-9ec7-5a0247692bcd
clicked,2025-06-09T17:07:44,7a05fbd8-4b3f-4447-b387-e84741451f00
purchased,2025-06-14T16:08:37,11a36965-7dbb-448c-9368-cef8dff703bb
purchased,2025-06-06T10:02:41,fbc5da20-eb4b-4414-b213-d1a49a309d58
purchased,2025-06-30T02:13:29,4a2f3b44-22d4-4646-800f-b51359de3904
purchased,2025-06-22T21:13:19,57e6a5f5-9fa0-4089-919d-773b113d410e
clicked,2025-06-24T11:13:14,a8f4434b-b1d9-4eca-b16b-83cdf928d3a9
purchased,2025-06-18T11:42:11,28eb9ef9-8632-4f74-90b3-e1ed5112cc70
purchased,2025-06-19T20:30:50,b863a971-4443-4ed9-b2ec-cfec0157f09c
purchased,2025-06-07T20:40:17,92a73266-c75f-4f25-b82b-d5f5b7f128d2
purchased,2025-06-04T01:46:43,46d2b66f-b528-44cd-b143-ca97ca9df05c
clicked,2025-06-01T12:34:24,cdbc883d-c597-4104-9908-fc59dd65a2b2
clicked,2025-06-19T21:27:52,3f1db805-e11d-4048-b5bc-ad5121c8d1eb
purchased,2025-06-20T10:18:36,7bb3c794-29d7-410a-94dd-670c39477db6
purchased,2025-06-06T10:12:47,2fc66ed3-b555-45f4-92a5-3a6ba8b35be7
clicked,2025-06-24T19:00:16,81d11b96-88c5-419e-bc04-348537da8cda
purchased,2025-06-30T15:09:27,9627c701-dc4a-47d2-91e4-9863095456fc
purchased,2025-06-15T13:36:11,789b485a-cb17-4f1c-9cd9-caf46c7b9a50
clicked,2025-06-24T20:29:18,6b0c2934-860e-4f25-8826-b681304f7f99
purchased,2025-06-14T06:39:52,b803aae6-1d32-400b-bd32-db0fb90d1b15
clicked,2025-06-22T17:42:43,ace99c49-5626-4714-8217-9e6cd88a6765
clicked,2025-06-03T06:59:34,0bd05acc-0b6a-4ea0-9b53-e150d0e48a79
clicked,2025-06-01T10:38:59,98cec3d6-a2b3-4856-a928-9728f9e9e455
purchased,2025-06-18T20:57:12,cb03c97e-26e6-46a2-b6ff-60b5d9361a03
purchased,2025-06-01T00:31:03,40c3c657-4431-454a-bc6d-0fb32be98387
clicked,2025-06-15T09:26:22,10f97f83-83fb-4472-8648-1557850422bc
clicked,2025-06-30T01:39:37,9f778ddb-73aa-43cd-b643-35f850f15df3
purchased,2025-06-02T01:37:03,15ba13d4-f982-45f9-9ff0-95f81a04b1a9
purchased,2025-06-03T22:35:08,7748438e-feae-41b9-a13c-0af35f1a4a2c
clicked,2025-06-09T02:57:19,3d2dcf57-4166-4f08-8796-2723194209a2
clicked,2025-06-04T07:34:53,b0f5aa3d-f931-4f1b-a379-087e64a18aa5
clicked,2025-06-24T04:49:49,9602d25e-8871-4e4b-8079-f4265fa0909b
clicked,2025-06-17T10:30:08,c6b6d3c8-5f8c-4a9a-a6fe-b248fd019d87
clicked,2025-06-11T21:21:24,5a7fc5d0-26d6-476e-a038-e2f169697b74
clicked,2025-06-27T04:51:44,34b880fc-c252-480e-a942-022e2e184bd7
purchased,2025-06-19T20:21:07,eaffa08b-df59-462e-af0d-ef4c7eb304b0
clicked,2025-06-21T00:53:22,a30bd489-a44e-4ee6-9922-dbcf64c68416
clicked,2025-06-09T03:51:14,09549873-574d-44a8-aba8-bcb310b08408
purchased,2025-06-09T15:01:05,934c87b7-4df2-4cbc-bfe5-9ef5050e1a66
clicked,2025-06-14T03:47:28,14b904a0-ba28-452d-8d87-d86a6564a12b
purchased,2025-06-26T01:45:31,22b559ed-d9f9-4c1b-93c8-ca52ec6c77f0
clicked,2025-06-03T23:55:00,26ccbc8f-b1bf-4f6c-a1a4-74961ad82455
purchased,2025-06-04T08:07:37,d53c49c8-8599-4efa-bd3e-7c9711b438f1
purchased,2025-06-05T12:42:55,75b63aa2-e2ac-4149-b3cb-d0985f55a035
clicked,2025-06-24T17:25:44,02606034-3470-488e-bb91-275eea231236
purchased,2025-06-20T20:35:15,8b8a2861-29b1-4d59-8c58-0057cfe2006c
purchased,2025-06-23T19:04:15,6e2b6dac-2628-490e-98ec-3a8755297349
clicked,2025-06-30T19:11:30,c7367483-6a0c-441d-b038-f03380086a96
clicked,2025-06-27T10:01:35,0c6020a8-1654-45dc-9c8b-ce2d8385fb08
clicked,2025-06-06T15:46:22,bd80a006-47bd-4a8e-b493-3e04d2ca4395
clicked,2025-06-08T09:30:52,a280f43b-7a70-4de3-bf4b-89ed637046cc
clicked,2025-06-25T23:37:55,ef130e0a-e6d7-4f5e-adcb-bdd0239f6c63
clicked,2025-06-13T13:52:39,dc56d371-a2e7-4871-a47b-c4b39543bb4d
purchased,2025-06-07T03:12:39,be239081-b4df-44f3-bfc7-69d2cbff5208
purchased,2025-06-07T20:29:27,198e4a67-9000-4bd7-9af3-5ebf822aef36
clicked,2025-06-09T19:18:05,233e7695-a1f4-4f7d-aae3-af1906bfebb4
clicked,2025-06-13T17:17:57,8da4ec97-2d99-4bbd-89c9-3e327857150d
purchased,2025-06-12T15:36:14,787e18c6-7043-4463-82e0-9b2013a61aff
purchased,2025-06-22T00:07:38,b3298e0b-c123-4e33-9940-e802966e97fc
clicked,2025-06-08T23:53:01,0bdcd439-cffd-4d2e-b5ef-41bd146093c2
clicked,2025-06-01T05:53:45,b8b7bf21-37ef-419f-a7cb-b63b253ee38c
purchased,2025-06-09T03:35:42,923ab1ce-24c5-4560-b334-da0109e3f3ba
purchased,2025-06-08T19:32:18,720eef4c-8c89-4674-a52e-c8a70ce0dd70
clicked,2025-06-01T08:29:18,3587691b-59b0-4623-a52b-f38097adbcc0
clicked,2025-06-11T14:06:49,d39ce46e-4446-428e-b8d6-d9bf581d5f96
purchased,2025-06-11T12:58:16,139e122a-7c17-425d-94c5-6087e2dcd6c7
clicked,2025-06-02T15:34:57,29d4479c-0343-43e3-8bd6-f2b604734b82
clicked,2025-06-05T18:41:12,c84a1f78-1413-46c8-a039-637b755b2176
clicked,2025-06-23T23:35:50,0439f5b6-6cf9-4d79-ac81-98a31810ec80
clicked,2025-06-17T23:34:15,c4822d83-806d-4a07-9ebc-267c41a48e57
clicked,2025-06-29T12:18:19,2baa8929-a8ad-4be0-8d58-d5a715bd615e
clicked,2025-06-20T15:21:44,49384edb-9057-4a34-98a7-4abeb2666c6f
purchased,2025-06-17T19:10:52,91167068-b29d-4b96-b0fd-c34c16003eee
purchased,2025-06-14T02:30:21,21f26465-4e70-4a92-a3ca-d94bf81c5923
purchased,2025-06-14T00:51:52,8c96709b-57a5-4107-991a-1a21ffd29985
purchased,2025-06-21T11:25:06,9e4b3bd1-6896-4a38-8fad-9aac6a970bd6
clicked,2025-06-01T17:29:02,9496f6cf-45c7-49b6-81f4-51bc67f02197
clicked,2025-06-01T07:41:44,8d5c7b02-d23a-48f9-9c2c-de90e053fe18
